Workbook

Sheet summary
C2: Minimum | D2: Maximum | E2: Average | F2: Standard deviation
B3: Fitness value improvement (%) | C3: =MIN(details!C2:C5250) -> 0.011175138 | D3: =MAX(details!C2:C5250) -> 0.14950787 | E3: =AVERAGE(details!C2:C5250) -> 0.035416624 | F3: =SUMIF(details!H2:H5250,"fitness gain deviation",details!I2:I5250)/COUNTIF(details!H2:H5250,"fitness gain deviation") -> 0.0055301643
B4: Difference (%) | C4: =MIN(details!D2:D5250) -> 2.1818182 | D4: =MAX(details!D2:D5250) -> 25.234672 | E4: =AVERAGE(details!D2:D5250) -> 13.444567 | F4: =SUMIF(details!H2:H5250,"difference deviation",details!I2:I5250)/COUNTIF(details!H2:H5250,"difference deviation") -> 0.16182842
B5: Operands ratio | C5: =MIN(details!E2:E5250) -> 0.12154489 | D5: =MAX(details!E2:E5250) -> 0.99297994 | E5: =AVERAGE(details!E2:E5250) -> 0.32321635 | F5: =SUMIF(details!H2:H5250,"operand ratio deviation",details!I2:I5250)/COUNTIF(details!H2:H5250,"operand ratio deviation") -> 0.0049439787
B6: Solution time (sec) | C6: =MIN(details!F2:F5250) -> 4 | D6: =MAX(details!F2:F5250) -> 1243 | E6: =AVERAGE(details!F2:F5250) -> 45.0256 | F6: =SUMIF(details!H2:H5250,"run time deviation",details!I2:I5250)/COUNTIF(details!H2:H5250,"run time deviation") -> 3.8221786
C8: Count of runs | D8: Count of unique parameter sets
C9: =COUNT(details!C2:C5250) -> 5000 | D9: =C9/20 -> 250
B10: Run time > 6min | C10: =COUNTIF(details!F2:F5250,">360") -> 82 | D10: =C10/20 -> 4.1 | E10: =C10/C9 -> 0.0164

Sheet details
A1: starting fitness | B1: final fitness | C1: fitness gain | D1: difference value | E1: operand ratio | F1: run time
A2: 655.22477 | B2: 688.26431 | C2: =IFERROR((B2/A2)-1,"") -> 0.050424746 | D2: 8.5425701 | E2: 0.34601723 | F2: 16
A3: 653.077 | B3: 683.07388 | C3: =IFERROR((B3/A3)-1,"") -> 0.04593161 | D3: 8.407192 | E3: 0.34028246 | F3: 16
A4: 662.12591 | B4: 686.76795 | C4: =IFERROR((B4/A4)-1,"") -> 0.037216546 | D4: 8.545743 | E4: 0.34138007 | F4: 17
A5: 660.88866 | B5: 683.72529 | C5: =IFERROR((B5/A5)-1,"") -> 0.034554426 | D5: 8.2845056 | E5: 0.32877355 | F5: 16
A6: 655.39958 | B6: 682.37773 | C6: =IFERROR((B6/A6)-1,"") -> 0.0411629 | D6: 8.5383395 | E6: 0.34579465 | F6: 17
A7: 650.26015 | B7: 671.83767 | C7: =IFERROR((B7/A7)-1,"") -> 0.033182909 | D7: 8.291909 | E7: 0.33615851 | F7: 16
A8: 660.74506 | B8: 687.95317 | C8: =IFERROR((B8/A8)-1,"") -> 0.041177934 | D8: 8.5034373 | E8: 0.33989463 | F8: 16
A9: 654.7076 | B9: 690.52966 | C9: =IFERROR((B9/A9)-1,"") -> 0.054714594 | D9: 8.4621893 | E9: 0.34198889 | F9: 17
A10: 657.25078 | B10: 682.72008 | C10: =IFERROR((B10/A10)-1,"") -> 0.038751271 | D10: 8.5848757 | E10: 0.34673412 | F10: 16
A11: 647.48803 | B11: 678.93652 | C11: =IFERROR((B11/A11)-1,"") -> 0.048569996 | D11: 8.3870968 | E11: 0.3427801 | F11: 17
A12: 658.18314 | B12: 682.99168 | C12: =IFERROR((B12/A12)-1,"") -> 0.037692446 | D12: 8.5076679 | E12: 0.34242417 | F12: 16
A13: 664.50156 | B13: 691.2924 | C13: =IFERROR((B13/A13)-1,"") -> 0.040317201 | D13: 8.6451613 | E13: 0.3451996 | F13: 16
... A15: 655.64516 | B15: 686.93861 | C15: =IFERROR((B15/A15)-1,"") -> 0.047729239 | D15: 8.3934426 | E15: 0.33795898 | F15: 16
A16: 655.75026 | B16: 685.62331 | C16: =IFERROR((B16/A16)-1,"") -> 0.045555527 | D16: 8.3807509 | E16: 0.33720437 | F16: 17 | H16: starting fitness deviation | I16: =STDEVP(A2:A21) -> 4.0873493
A17: 652.75754 | B17: 675.52862 | C17: =IFERROR((B17/A17)-1,"") -> 0.034884425 | D17: 8.4843998 | E17: 0.34456779 | F17: 16 | H17: final fitness deviation | I17: =STDEVP(B2:B21) -> 5.0264768
A18: 658.13736 | B18: 689.90947 | C18: =IFERROR((B18/A18)-1,"") -> 0.048275808 | D18: 8.6102591 | E18: 0.34761951 | F18: 16 | H18: fitness gain deviation | I18: =STDEVP(C2:C21) -> 0.0056921803
A19: 657.47451 | B19: 686.64412 | C19: =IFERROR((B19/A19)-1,"") -> 0.044366154 | D19: 8.6208355 | E19: 0.3488276 | F19: 17 | H19: difference deviation | I19: =STDEVP(D2:D21) -> 0.10543994
A20: 654.44849 | B20: 685.64204 | C20: =IFERROR((B20/A20)-1,"") -> 0.047663871 | D20: 8.3818086 | E20: 0.33761776 | F20: 16 | H20: operand ratio deviation | I20: =STDEVP(E2:E21) -> 0.0046872568
A21: 653.11759 | B21: 681.26015 | C21: =IFERROR((B21/A21)-1,"") -> 0.043089576 | D21: 8.4272871 | E21: 0.34119922 | F21: 17 | H21: run time deviation | I21: =STDEVP(F2:F21) -> 0.48989795
C22: =IFERROR((B22/A22)-1,"")
A23: 910.35102 | B23: 963.11837 | C23: =IFERROR((B23/A23)-1,"") -> 0.057963737 | D23: 12.003361 | E23: 0.34600584 | F23: 26
A24: 937.86939 | B24: 966.90612 | C24: =IFERROR((B24/A24)-1,"") -> 0.030960318 | D24: 12.440336 | E24: 0.34850238 | F24: 27
A25: 909.21633 | B25: 965.11837 | C25: =IFERROR((B25/A25)-1,"") -> 0.061483763 | D25: 12.430252 | E25: 0.36260204 | F25: 27
A26: 903.42857 | B26: 956.84898 | C26: =IFERROR((B26/A26)-1,"") -> 0.059130749 | D26: 12.235294 | E26: 0.35798877 | F26: 26
A27: 926.76735 | B27: 960.75918 | C27: =IFERROR((B27/A27)-1,"") -> 0.036677853 | D27: 12.17479 | E27: 0.34340488 | F27: 26
A28: 912.75102 | B28: 951.14286 | C28: =IFERROR((B28/A28)-1,"") -> 0.042061675 | D28: 11.956303 | E28: 0.34252934 | F28: 27
A29: 910.85714 | B29: 961.96735 | C29: =IFERROR((B29/A29)-1,"") -> 0.056112206 | D29: 12.235294 | E29: 0.35461643 | F29: 26
A30: 920.52245 | B30: 975.74694 | C30: =IFERROR((B30/A30)-1,"") -> 0.059992551 | D30: 12.215126 | E30: 0.34844482 | F30: 27
A31: 923.7551 | B31: 966.3102 | C31: =IFERROR((B31/A31)-1,"") -> 0.046067515 | D31: 12.29916 | E31: 0.35017155 | F31: 26
A32: 914.35918 | B32: 974.66939 | C32: =IFERROR((B32/A32)-1,"") -> 0.065958985 | D32: 12.006723 | E32: 0.34350867 | F32: 26
A33: 929.73878 | B33: 970.87347 | C33: =IFERROR((B33/A33)-1,"") -> 0.044243281 | D33: 12.363025 | E33: 0.3500068 | F33: 27
A34: 917.21633 | B34: 960.75918 | C34: =IFERROR((B34/A34)-1,"") -> 0.047472833 | D34: 12.194958 | E34: 0.34982528 | F34: 26
... A36: 906.07347 | B36: 958.75102 | C36: =IFERROR((B36/A36)-1,"") -> 0.058138278 | D36: 11.771429 | E36: 0.33839705 | F36: 27
A37: 929.18367 | B37: 962.27755 | C37: =IFERROR((B37/A37)-1,"") -> 0.035616077 | D37: 12.322689 | E37: 0.34775618 | F37: 26 | H37: starting fitness deviation | I37: =STDEVP(A23:A42) -> 9.1343227
A38: 907.18367 | B38: 949.82041 | C38: =IFERROR((B38/A38)-1,"") -> 0.04699901 | D38: 11.734454 | E38: 0.33648519 | F38: 27 | H38: final fitness deviation | I38: =STDEVP(B23:B42) -> 7.3442335
A39: 911.68163 | B39: 958.73469 | C39: =IFERROR((B39/A39)-1,"") -> 0.051611286 | D39: 11.892437 | E39: 0.34016921 | F39: 25 | H39: fitness gain deviation | I39: =STDEVP(C23:C42) -> 0.0098477148
A40: 920.94694 | B40: 970.66122 | C40: =IFERROR((B40/A40)-1,"") -> 0.053981705 | D40: 12.342857 | E40: 0.35338368 | F40: 26 | H40: difference deviation | I40: =STDEVP(D23:D42) -> 0.20283834
A41: 926.91429 | B41: 971.06939 | C41: =IFERROR((B41/A41)-1,"") -> 0.047636661 | D41: 12.235294 | E41: 0.34601917 | F41: 27 | H41: operand ratio deviation | I41: =STDEVP(E23:E42) -> 0.0062154566
A42: 909.41224 | B42: 967.18367 | C42: =IFERROR((B42/A42)-1,"") -> 0.063526117 | D42: 11.969748 | E42: 0.344827 | F42: 26 | H42: run time deviation | I42: =STDEVP(F23:F42) -> 0.57227616
C43: =IFERROR((B43/A43)-1,"")
A44: 845.80102 | B44: 877.19388 | C44: =IFERROR((B44/A44)-1,"") -> 0.037116126 | D44: 13.02987 | E44: 0.43542894 | F44: 14
A45: 841.58673 | B45: 879.79592 | C45: =IFERROR((B45/A45)-1,"") -> 0.045401362 | D45: 12.92987 | E45: 0.43401795 | F45: 14
A46: 844.17347 | B46: 877.13265 | C46: =IFERROR((B46/A46)-1,"") -> 0.039043141 | D46: 13.096104 | E46: 0.43983695 | F46: 14
A47: 852.98469 | B47: 884.31122 | C47: =IFERROR((B47/A47)-1,"") -> 0.036725783 | D47: 13.279221 | E47: 0.44213789 | F47: 15
A48: 848.31633 | B48: 876.27041 | C48: =IFERROR((B48/A48)-1,"") -> 0.032952427 | D48: 13.177922 | E48: 0.44077885 | F48: 14
A49: 843.95918 | B49: 873.45918 | C49: =IFERROR((B49/A49)-1,"") -> 0.034954297 | D49: 12.923377 | E49: 0.43218384 | F49: 14
A50: 839.7449 | B50: 882.12245 | C50: =IFERROR((B50/A50)-1,"") -> 0.050464791 | D50: 12.832468 | E50: 0.43054651 | F50: 15
A51: 846.45408 | B51: 877.16582 | C51: =IFERROR((B51/A51)-1,"") -> 0.036282812 | D51: 13.174026 | E51: 0.44240758 | F51: 14
A52: 850.90816 | B52: 883.88776 | C52: =IFERROR((B52/A52)-1,"") -> 0.03875811 | D52: 12.92987 | E52: 0.42757605 | F52: 14
A53: 837.71429 | B53: 872.33673 | C53: =IFERROR((B53/A53)-1,"") -> 0.041329663 | D53: 12.7 | E53: 0.42584114 | F53: 15
A54: 850.7602 | B54: 881.49745 | C54: =IFERROR((B54/A54)-1,"") -> 0.036129152 | D54: 13.044156 | E54: 0.43233803 | F54: 14
A55: 840.45918 | B55: 873.77551 | C55: =IFERROR((B55/A55)-1,"") -> 0.039640624 | D55: 13.005195 | E55: 0.43792978 | F55: 14
... A57: 847.5 | B57: 878.35969 | C57: =IFERROR((B57/A57)-1,"") -> 0.036412618 | D57: 12.909091 | E57: 0.42870899 | F57: 15
A58: 847.18878 | B58: 883.63776 | C58: =IFERROR((B58/A58)-1,"") -> 0.043023445 | D58: 13.044156 | E58: 0.4345642 | F58: 14 | H58: starting fitness deviation | I58: =STDEVP(A44:A63) -> 5.0561744
A59: 855.09694 | B59: 881.63776 | C59: =IFERROR((B59/A59)-1,"") -> 0.031038371 | D59: 13.164935 | E59: 0.43525324 | F59: 14 | H59: final fitness deviation | I59: =STDEVP(B44:B63) -> 5.115521
A60: 853.39286 | B60: 886.1199 | C60: =IFERROR((B60/A60)-1,"") -> 0.038349326 | D60: 13.090909 | E60: 0.43345021 | F60: 14 | H60: fitness gain deviation | I60: =STDEVP(C44:C63) -> 0.0052123735
A61: 838.13776 | B61: 867.70663 | C61: =IFERROR((B61/A61)-1,"") -> 0.035279257 | D61: 12.787013 | E61: 0.4293046 | F61: 15 | H61: difference deviation | I61: =STDEVP(D44:D63) -> 0.16918494
A62: 848.7398 | B62: 871.45408 | C62: =IFERROR((B62/A62)-1,"") -> 0.026762367 | D62: 13.146753 | E62: 0.43884911 | F62: 14 | H62: operand ratio deviation | I62: =STDEVP(E44:E63) -> 0.006255984
A63: 841.43367 | B63: 877.66582 | C63: =IFERROR((B63/A63)-1,"") -> 0.043060011 | D63: 13.131169 | E63: 0.44374079 | F63: 14 | H63: run time deviation | I63: =STDEVP(F44:F63) -> 0.4330127
C64: =IFERROR((B64/A64)-1,"")
A65: 1445.3179 | B65: 1472.7855 | C65: =IFERROR((B65/A65)-1,"") -> 0.019004534 | D65: 14.189358 | E65: 0.24051073 | F65: 41
A66: 1442.716 | B66: 1481.1003 | C66: =IFERROR((B66/A66)-1,"") -> 0.026605554 | D66: 13.884194 | E66: 0.23464583 | F66: 42
A67: 1437.5247 | B67: 1474.8503 | C67: =IFERROR((B67/A67)-1,"") -> 0.025965201 | D67: 14.026604 | E67: 0.23864122 | F67: 41
A68: 1453.5833 | B68: 1490.5586 | C68: =IFERROR((B68/A68)-1,"") -> 0.02543735 | D68: 14.43662 | E68: 0.24401924 | F68: 40
A69: 1441.966 | B69: 1485.9151 | C69: =IFERROR((B69/A69)-1,"") -> 0.030478578 | D69: 14.243349 | E69: 0.2422537 | F69: 46
A70: 1454.2963 | B70: 1490.1312 | C70: =IFERROR((B70/A70)-1,"") -> 0.024640698 | D70: 14.248826 | E70: 0.23998424 | F70: 42
A71: 1437.784 | B71: 1474.7809 | C71: =IFERROR((B71/A71)-1,"") -> 0.025731901 | D71: 14.143975 | E71: 0.24104005 | F71: 43
A72: 1428.287 | B72: 1460.5941 | C72: =IFERROR((B72/A72)-1,"") -> 0.022619472 | D72: 14.039906 | E72: 0.2408904 | F72: 40
A73: 1430.7438 | B73: 1474.9861 | C73: =IFERROR((B73/A73)-1,"") -> 0.030922575 | D73: 14.130673 | E73: 0.24224865 | F73: 41
A74: 1441.1204 | B74: 1478.7994 | C74: =IFERROR((B74/A74)-1,"") -> 0.026145639 | D74: 14.061033 | E74: 0.23873983 | F74: 41
A75: 1441.8364 | B75: 1476.3873 | C75: =IFERROR((B75/A75)-1,"") -> 0.023963139 | D75: 14.029734 | E75: 0.23797637 | F75: 40
A76: 1448.6296 | B76: 1482.7423 | C76: =IFERROR((B76/A76)-1,"") -> 0.023548224 | D76: 14.079812 | E76: 0.23751947 | F76: 42
... A78: 1438.7037 | B78: 1481.1389 | C78: =IFERROR((B78/A78)-1,"") -> 0.029495431 | D78: 14.286385 | E78: 0.24391078 | F78: 42
A79: 1439.4753 | B79: 1477.5046 | C79: =IFERROR((B79/A79)-1,"") -> 0.026418877 | D79: 14.219875 | E79: 0.24236527 | F79: 43 | H79: starting fitness deviation | I79: =STDEVP(A65:A84) -> 6.3139209
A80: 1440.8241 | B80: 1478.5216 | C80: =IFERROR((B80/A80)-1,"") -> 0.026163868 | D80: 14.276995 | E80: 0.24327397 | F80: 39 | H80: final fitness deviation | I80: =STDEVP(B65:B84) -> 6.7602668
A81: 1446.8056 | B81: 1484.6096 | C81: =IFERROR((B81/A81)-1,"") -> 0.026129297 | D81: 14.21831 | E81: 0.24075565 | F81: 41 | H81: fitness gain deviation | I81: =STDEVP(C65:C84) -> 0.0027689862
A82: 1440.5833 | B82: 1472.0448 | C82: =IFERROR((B82/A82)-1,"") -> 0.021839361 | D82: 14.091549 | E82: 0.23949271 | F82: 42 | H82: difference deviation | I82: =STDEVP(D65:D84) -> 0.13091898
A83: 1435.1944 | B83: 1474.8781 | C83: =IFERROR((B83/A83)-1,"") -> 0.027650359 | D83: 14.161972 | E83: 0.24204912 | F83: 44 | H83: operand ratio deviation | I83: =STDEVP(E65:E84) -> 0.0024816152
A84: 1437.1265 | B84: 1471.7886 | C84: =IFERROR((B84/A84)-1,"") -> 0.024118987 | D84: 13.916275 | E84: 0.23627329 | F84: 41 | H84: run time deviation | I84: =STDEVP(F65:F84) -> 1.5644488
C85: =IFERROR((B85/A85)-1,"")
A86: 1432.5065 | B86: 1470.157 | C86: =IFERROR((B86/A86)-1,"") -> 0.026282893 | D86: 15.790684 | E86: 0.27716974 | F86: 23
A87: 1434.2616 | B87: 1484.2212 | C87: =IFERROR((B87/A87)-1,"") -> 0.034832957 | D87: 15.872958 | E87: 0.27878429 | F87: 22
A88: 1419.9394 | B88: 1466.5327 | C88: =IFERROR((B88/A88)-1,"") -> 0.032813613 | D88: 15.784634 | E88: 0.28022769 | F88: 23
A89: 1428.1688 | B89: 1475.6849 | C89: =IFERROR((B89/A89)-1,"") -> 0.033270613 | D89: 15.941924 | E89: 0.28169455 | F89: 23
A90: 1426.3424 | B90: 1472.1474 | C90: =IFERROR((B90/A90)-1,"") -> 0.032113602 | D90: 15.680581 | E90: 0.27611507 | F90: 23
A91: 1439.8668 | B91: 1483.8169 | C91: =IFERROR((B91/A91)-1,"") -> 0.030523698 | D91: 16.042347 | E91: 0.28111721 | F91: 23
A92: 1429.415 | B92: 1476.8989 | C92: =IFERROR((B92/A92)-1,"") -> 0.033219148 | D92: 15.879008 | E92: 0.28014995 | F92: 23
A93: 1445.3591 | B93: 1487.3139 | C93: =IFERROR((B93/A93)-1,"") -> 0.029027261 | D93: 16.091954 | E93: 0.28070215 | F93: 23
A94: 1438.1201 | B94: 1481.2747 | C94: =IFERROR((B94/A94)-1,"") -> 0.030007632 | D94: 15.885057 | E94: 0.2779482 | F94: 23
A95: 1422.1272 | B95: 1466.9001 | C95: =IFERROR((B95/A95)-1,"") -> 0.031483041 | D95: 15.615245 | E95: 0.27577395 | F95: 23
A96: 1431.2818 | B96: 1476.2545 | C96: =IFERROR((B96/A96)-1,"") -> 0.031421242 | D96: 15.816092 | E96: 0.27805449 | F96: 23
A97: 1424.8561 | B97: 1468.4661 | C97: =IFERROR((B97/A97)-1,"") -> 0.030606591 | D97: 15.797943 | E97: 0.27927668 | F97: 23
... A99: 1444.937 | B99: 1477.6576 | C99: =IFERROR((B99/A99)-1,"") -> 0.022644981 | D99: 16.202057 | E99: 0.28318162 | F99: 23
A100: 1436.157 | B100: 1476.4328 | C100: =IFERROR((B100/A100)-1,"") -> 0.028044192 | D100: 16.099214 | E100: 0.28346923 | F100: 23 | H100: starting fitness deviation | I100: =STDEVP(A86:A105) -> 7.8815097
A101: 1419.9548 | B101: 1466.6136 | C101: =IFERROR((B101/A101)-1,"") -> 0.032859313 | D101: 15.509982 | E101: 0.27393912 | F101: 23 | H101: final fitness deviation | I101: =STDEVP(B86:B105) -> 6.4709655
A102: 1427.4899 | B102: 1473.2604 | C102: =IFERROR((B102/A102)-1,"") -> 0.032063632 | D102: 15.835451 | E102: 0.27937111 | F102: 23 | H102: fitness gain deviation | I102: =STDEVP(C86:C105) -> 0.0030343534
A103: 1425.7586 | B103: 1468.8478 | C103: =IFERROR((B103/A103)-1,"") -> 0.030221932 | D103: 15.754386 | E103: 0.27802041 | F103: 23 | H103: difference deviation | I103: =STDEVP(D86:D105) -> 0.18350483
A104: 1440.7646 | B104: 1478.3222 | C104: =IFERROR((B104/A104)-1,"") -> 0.026067874 | D104: 15.816092 | E104: 0.27552701 | F104: 23 | H104: operand ratio deviation | I104: =STDEVP(E86:E105) -> 0.0027697477
A105: 1435.7729 | B105: 1472.0963 | C105: =IFERROR((B105/A105)-1,"") -> 0.025298865 | D105: 16.021779 | E105: 0.2814827 | F105: 23 | H105: run time deviation | I105: =STDEVP(F86:F105) -> 0.21794495
...
